headline,category,source
"Yenileniyor, güzel haberler almaya başlıyoruz",Astroloji,Hurriyet
"Jüpiter retrosu sona eriyor, finansal sıkışıklık bitiyor",Astroloji,Hurriyet
"Temizlik alarmı verebilir, kılı kırk yarabiliriz",Astroloji,Hurriyet
Eski ilişkiler veya tamamlanmamış konular önümüze çıkabilir,Astroloji,Hurriyet
Hayatımızın liderliğini elimize almak isteyeceğiz,Astroloji,Hurriyet
Neptün’ün Koç yolculuğu başlıyor: ‘Harekete geçen yaşar!’,Astroloji,Hurriyet
Ertelediğimiz ne varsa hayata geçiriyoruz,Astroloji,Hurriyet
"‘Bakarız, hallederiz’ gevşekliğine yer yok",Astroloji,Hurriyet
2026 burç yorumları: Yeni sene bize neler getiriyor?,Astroloji,Hurriyet
Gökyüzü aşk dolu randevular ve diyete başlamak için neler söylüyor?,Astroloji,Hurriyet
2026 yılındaki önemli sınavlar,Astroloji,Hurriyet
Zenginlerin şatafatına karşı halk isyanları görülebilir,Astroloji,Hurriyet
Gerçeklerle hayaller arasında sıkışıp kalabiliriz,Astroloji,Hurriyet
2026’da dünyayı neler bekliyor? Toplumlarda ruhsal uyanış yaşanabilir,Astroloji,Hurriyet
"Farkındalığımız artıyor, yüzleşme başlıyor",Astroloji,Hurriyet
"Yeni işe başlamayın, her duyduğunuza inanmayın",Astroloji,Hurriyet
"Yanlış anlamalar, iptaller, aksilikler...",Astroloji,Hurriyet
Dolunay finansal konuları gündemimize taşıyor,Astroloji,Hurriyet
Parayla olan ilişkimizi gözden geçirebiliriz,Astroloji,Hurriyet
"Daha diplomatik, daha uzlaşmacı olabiliriz",Astroloji,Hurriyet
Biraz panik biraz da yenilik bizi bekliyor,Astroloji,Hurriyet
Her burcun aydınlık ve gölge tarafı vardır,Astroloji,Hurriyet
"Kendimizi şımartabileceğimiz, şanslı günlerdeyiz",Astroloji,Hurriyet
Sezgilerimiz ve yaratıcılığımız en üst seviyeye çıkabilir,Astroloji,Hurriyet
"Ev, aile, yuva konularında fırsatlar dönemi",Astroloji,Hurriyet
"Planlı, düzenli ve detaycı bir enerji var",Astroloji,Hurriyet
"B planımız hazır olsun, aksilikler çıkabilir",Astroloji,Hurriyet
Sevdiklerimizle derin bağ kurmak isteyebiliriz,Astroloji,Hurriyet
İlişkiler ve kariyer konusunda harekete geçme zamanı,Astroloji,Hurriyet
"Ani başlayan flörtler, ilişkilerde sürprizler...",Astroloji,Hurriyet
"Detaycı, sivri dilli ama hep çözüm odaklı...",Astroloji,Hurriyet
"Aşkta, parada şanslıyız; enerjimiz de yerinde",Astroloji,Hurriyet
"Uzlaşmacı, empatik ve barışçıl olabiliriz",Astroloji,Hurriyet
"Kalıcı, derin ve dönüştürücü etkiler altındayız",Astroloji,Hurriyet
"Her burcun annesi başka güzel, başka güçlü",Astroloji,Hurriyet
"Değişim kaçınılmaz; ama dikkat edin, sarsıcı olmasın!",Astroloji,Hurriyet
"Aşkta daha cesuruz, romantik hayaller kurabiliriz",Astroloji,Hurriyet
"Dürtüsel davranışlardan kaçınalım, temkinli olalım",Astroloji,Hurriyet
"Beklentilerin netleştiği, sınırların çizildiği bir dönem",Astroloji,Hurriyet
"Yeni yıl, hangi burca neler getirecek? Dinçer Güner'den 2023 burç yorumları...",Astroloji,Hurriyet
Yeni yılda Türkiye ve dünyayı neler bekliyor? ‘2023 tarih kitaplarında anılacak’,Astroloji,Hurriyet
Dinçer Güner’den… 2023’te evlilik ve estetik için uygun günler...,Astroloji,Hurriyet
Dinçer Güner’den… 2023’te Merkür’ün gerileyeceği günler,Astroloji,Hurriyet
Dinçer Güner’den… 2023’te diyete başlamak için uygun zamanlar,Astroloji,Hurriyet
Rusya ve Ukrayna’nın liderlerine astrolojik açıdan bakınca…,Astroloji,Hurriyet
2022’de Merkür’ün geri harekette olduğu günler,Astroloji,Hurriyet
Diyete başlamak için bu tarihlere dikkat!,Astroloji,Hurriyet
Güneş Aslan burcunda: Yazın en eğlenceli zamanları başlıyor,Astroloji,Hurriyet
Aşkın Kölesi Oluyoruz: Venüs Başak Burcunda,Astroloji,Hurriyet
Merkür Yengeç burcunda: Duygular dile geliyor,Astroloji,Hurriyet
Mars Aslan burcunda: Büyük oyna büyük kazan,Astroloji,Hurriyet
"Venüs yengeç burcunda: sev, sahiplen, koru, kolla!",Astroloji,Hurriyet
Koç burcunda venüsyen yeni ay: Kontrol eden kaybeder,Astroloji,Hurriyet
Mart ayında Ay'ın boşlukta olacağı saat aralıkları,Astroloji,Hurriyet
Aşktan yana romantik ve keyifli bir dönem başlıyor,Astroloji,Hurriyet
"Güneş balık burcunda; yaratıcılık, şifa ve kabule geçme zamanı",Astroloji,Hurriyet
2021’de estetik ve güzellik için doğru zamanlar,Astroloji,Hurriyet
Merkür Güneş'in kalbinde! Düşündüklerin gerçekleşebilir,Astroloji,Hurriyet
Şubat ayında Ay’ın boşlukta olacağı saat aralıkları,Astroloji,Hurriyet
Kader sayısı nasıl hesaplanır? Kader sayısının anlamı,Astroloji,Hurriyet
2021 yılında diyete başlamak için en uygun zamanlar!,Astroloji,Hurriyet
2021 yılında evlilik için en uygun zamanlar,Astroloji,Hurriyet
Mars-Uranüs kavuşuyor: Paranıza pulunuza dikkat!,Astroloji,Hurriyet
Para ve zekanın kavgası: Jüpiter - Uranüs etkileşimi,Astroloji,Hurriyet
Satürn - Mars çatışmasının etkileri nasıl olacak?,Astroloji,Hurriyet
Merkür Kova burcunda: Sıra dışı fikirlere açık olun!,Astroloji,Hurriyet
